,current,previous,points,trend,id,uid,guid,firstName,lastName,displayName,shortname,links,country,countryFlag,picture,age,active,birthPlace,citizenshipCountry
0,1,1,9985,-,261,s:850~a:261,f091e8bf-f001-4687-0448-4b009dd966e8,Rafael,Nadal,Rafael Nadal,,https://www.espn.com/tennis/player/_/id/261/rafael-nadal,Spain,https://a.espncdn.com/i/teamlogos/countries/500/esp.png,https://a.espncdn.com/i/headshots/tennis/players/full/261.png,38,True,"Manacor, Mallorca, Spain",ESP
1,2,2,9145,-,296,s:850~a:296,4a27bb1c-2422-55c3-208b-9e9d8c1f30af,Novak,Djokovic,Novak Djokovic,,https://www.espn.com/tennis/player/_/id/296/novak-djokovic,Serbia,https://a.espncdn.com/i/teamlogos/countries/500/ser.png,https://a.espncdn.com/i/headshots/tennis/players/full/296.png,37,True,"Belgrade, Serbia",SER
2,3,3,6590,-,425,s:850~a:425,6bf3e1d1-c102-93e9-a4e9-32ba6e82f887,Roger,Federer,Roger Federer,,https://www.espn.com/tennis/player/_/id/425/roger-federer,Switzerland,https://a.espncdn.com/i/teamlogos/countries/500/sui.png,https://a.espncdn.com/i/headshots/tennis/players/full/425.png,43,,"Basel, Switzerland",SUI
3,4,5,5825,+1,1852,s:850~a:1852,7c04f23c-ca9b-1662-17bf-d4d0bd5d3b6a,Dominic,Thiem,Dominic Thiem,,https://www.espn.com/tennis/player/_/id/1852/dominic-thiem,Austria,https://a.espncdn.com/i/teamlogos/countries/500/aut.png,https://a.espncdn.com/i/headshots/tennis/players/full/1852.png,31,True,"Wiener Neustadt, Austria",AUT
4,5,4,5705,-1,2383,s:850~a:2383,469710ae-79d9-770e-e3b7-d71e5148642c,Daniil,Medvedev,Daniil Medvedev,,https://www.espn.com/tennis/player/_/id/2383/daniil-medvedev,Russia,https://a.espncdn.com/i/teamlogos/countries/500/rus.png,https://a.espncdn.com/i/headshots/tennis/players/full/2383.png,28,True,"Moscow, Russia",RUS
5,6,6,5300,-,2869,s:850~a:2869,eeae43af-cdf0-43b4-7dd4-2475555a445e,Stefanos,Tsitsipas,Stefanos Tsitsipas,,https://www.espn.com/tennis/player/_/id/2869/stefanos-tsitsipas,Greece,https://a.espncdn.com/i/teamlogos/countries/500/gre.png,https://a.espncdn.com/i/headshots/tennis/players/full/2869.png,26,True,"Athens, Greece",GRE
6,7,7,3345,-,2375,s:850~a:2375,fd06b6ea-593b-d5b3-da2b-767ec3e4232c,Alexander,Zverev,Alexander Zverev,,https://www.espn.com/tennis/player/_/id/2375/alexander-zverev,Germany,https://a.espncdn.com/i/teamlogos/countries/500/ger.png,https://a.espncdn.com/i/headshots/tennis/players/full/2375.png,27,True,"Hamburg, Germany",GER
7,8,8,2870,-,2622,s:850~a:2622,874554f7-7862-cfa9-36d5-5ef4d437f407,Matteo,Berrettini,Matteo Berrettini,,https://www.espn.com/tennis/player/_/id/2622/matteo-berrettini,Italy,https://a.espncdn.com/i/teamlogos/countries/500/ita.png,https://a.espncdn.com/i/headshots/tennis/players/full/2622.png,28,True,"Rome, Italy",ITA
8,9,9,2540,-,1733,s:850~a:1733,736f6af6-506c-e64f-9d0f-8f1138a5babf,Roberto,Bautista Agut,Roberto Bautista Agut,,https://www.espn.com/tennis/player/_/id/1733/roberto-bautista-agut,Spain,https://a.espncdn.com/i/teamlogos/countries/500/esp.png,https://a.espncdn.com/i/headshots/tennis/players/full/1733.png,36,True,"Castellon de la Plana, Spain",ESP
9,10,10,2530,-,242,s:850~a:242,2262b9be-52a3-4979-3e0c-722694ff682b,Gael,Monfils,Gael Monfils,,https://www.espn.com/tennis/player/_/id/242/gael-monfils,France,https://a.espncdn.com/i/teamlogos/countries/500/fra.png,https://a.espncdn.com/i/headshots/tennis/players/full/242.png,38,True,"Paris, France",FRA
10,11,11,2335,-,1360,s:850~a:1360,b84324ee-7bc9-cb44-95d0-b4221c8658d4,David,Goffin,David Goffin,,https://www.espn.com/tennis/player/_/id/1360/david-goffin,Belgium,https://a.espncdn.com/i/teamlogos/countries/500/bel.png,https://a.espncdn.com/i/headshots/tennis/players/full/1360.png,34,True,"Rocourt, Belgium",BEL
11,12,12,2290,-,669,s:850~a:669,ae4751a6-c681-57f3-0c9a-8033a2faecea,Fabio,Fognini,Fabio Fognini,,https://www.espn.com/tennis/player/_/id/669/fabio-fognini,Italy,https://a.espncdn.com/i/teamlogos/countries/500/ita.png,https://a.espncdn.com/i/headshots/tennis/players/full/669.png,37,True,"Sanremo, Italy",ITA
12,13,13,2180,-,1035,s:850~a:1035,db1ab961-e027-44d0-b7b2-23a22b5611ce,Kei,Nishikori,Kei Nishikori,,https://www.espn.com/tennis/player/_/id/1035/kei-nishikori,Japan,https://a.espncdn.com/i/teamlogos/countries/500/jpn.png,https://a.espncdn.com/i/headshots/tennis/players/full/1035.png,35,True,"Shimane, Japan",JPN
13,14,14,2125,-,2324,s:850~a:2324,f4241bf7-ca09-b003-20e2-066a60941c9f,Diego,Schwartzman,Diego Schwartzman,,https://www.espn.com/tennis/player/_/id/2324/diego-schwartzman,Argentina,https://a.espncdn.com/i/teamlogos/countries/500/arg.png,https://a.espncdn.com/i/headshots/tennis/players/full/2324.png,32,True,"Buenos Aires, Argentina",ARG
14,15,15,2050,-,2860,s:850~a:2860,2a61af8f-50be-3754-5559-d4fa60f9fb61,Denis,Shapovalov,Denis Shapovalov,,https://www.espn.com/tennis/player/_/id/2860/denis-shapovalov,Canada,https://a.espncdn.com/i/teamlogos/countries/500/can.png,https://a.espncdn.com/i/headshots/tennis/players/full/2860.png,25,True,"Tel Aviv, Israel",CAN
15,16,16,2000,-,264,s:850~a:264,c6eb21e5-8a25-0cb1-fc55-8315888ef262,Stan,Wawrinka,Stan Wawrinka,,https://www.espn.com/tennis/player/_/id/264/stan-wawrinka,Switzerland,https://a.espncdn.com/i/teamlogos/countries/500/sui.png,https://a.espncdn.com/i/headshots/tennis/players/full/264.png,39,True,"Lausanne, Switzerland",SUI
16,17,17,1840,-,2367,s:850~a:2367,aae45cb6-e828-7434-5515-9c6d810ea14a,Karen,Khachanov,Karen Khachanov,,https://www.espn.com/tennis/player/_/id/2367/karen-khachanov,Russia,https://a.espncdn.com/i/teamlogos/countries/500/rus.png,https://a.espncdn.com/i/headshots/tennis/players/full/2367.png,28,True,"Moscow, Russia",RUS
17,18,18,1775,-,2651,s:850~a:2651,b44d8a17-3923-7f78-455a-9c7ca03388f4,Alex,De Minaur,Alex De Minaur,,https://www.espn.com/tennis/player/_/id/2651/alex-de-minaur,Australia,https://a.espncdn.com/i/teamlogos/countries/500/aus.png,https://a.espncdn.com/i/headshots/tennis/players/full/2651.png,25,True,"Sydney, Australia",AUS
18,19,19,1770,-,1023,s:850~a:1023,d026d5b8-9ac5-c0a9-f56c-f1b98531218d,John,Isner,John Isner,,https://www.espn.com/tennis/player/_/id/1023/john-isner,USA,https://a.espncdn.com/i/teamlogos/countries/500/usa.png,https://a.espncdn.com/i/headshots/tennis/players/full/1023.png,39,True,"Greensboro, NC, USA",USA
19,20,20,1747,-,1287,s:850~a:1287,16641195-ec8b-a983-e046-3f768b99ff28,Grigor,Dimitrov,Grigor Dimitrov,,https://www.espn.com/tennis/player/_/id/1287/grigor-dimitrov,Bulgaria,https://a.espncdn.com/i/teamlogos/countries/500/bul.png,https://a.espncdn.com/i/headshots/tennis/players/full/1287.png,33,True,"Haskovo, Bulgaria",BUL
20,21,21,1636,-,3209,s:850~a:3209,103da403-af60-430e-014c-dc9c904d6b04,Felix,Auger-Aliassime,Felix Auger-Aliassime,,https://www.espn.com/tennis/player/_/id/3209/felix-auger-aliassime,Canada,https://a.espncdn.com/i/teamlogos/countries/500/can.png,https://a.espncdn.com/i/headshots/tennis/players/full/3209.png,24,True,"Montreal, Canada",CAN
21,22,22,1600,-,2322,s:850~a:2322,7a02e598-b12a-af7b-e25f-35a3a203a98e,Lucas,Pouille,Lucas Pouille,,https://www.espn.com/tennis/player/_/id/2322/lucas-pouille,France,https://a.espncdn.com/i/teamlogos/countries/500/fra.png,https://a.espncdn.com/i/headshots/tennis/players/full/2322.png,30,True,"Grande-Synthe, France",FRA
22,23,23,1584,-,2642,s:850~a:2642,9a0b09b5-59b7-1cf1-4135-e1cc55e3280b,Andrey,Rublev,Andrey Rublev,,https://www.espn.com/tennis/player/_/id/2642/andrey-rublev,Russia,https://a.espncdn.com/i/teamlogos/countries/500/rus.png,https://a.espncdn.com/i/headshots/tennis/players/full/2642.png,27,True,"Moscow, Russia",RUS
23,24,24,1538,-,1571,s:850~a:1571,06f0264d-1de2-6bf4-ecbd-e4c80908f41b,Benoit,Paire,Benoit Paire,,https://www.espn.com/tennis/player/_/id/1571/benoit-paire,France,https://a.espncdn.com/i/teamlogos/countries/500/fra.png,https://a.espncdn.com/i/headshots/tennis/players/full/1571.png,35,True,"Avignon, France",FRA
24,25,25,1530,-,2291,s:850~a:2291,2e2dc3ed-f285-bae4-a612-e38e69c6c47a,Guido,Pella,Guido Pella,,https://www.espn.com/tennis/player/_/id/2291/guido-pella,Argentina,https://a.espncdn.com/i/teamlogos/countries/500/arg.png,https://a.espncdn.com/i/headshots/tennis/players/full/2291.png,34,True,"Bahia Blanca, Argentina",ARG
25,26,26,1450,-,2498,s:850~a:2498,5dc21899-ba8c-2090-ba30-c0169a979977,Nikoloz,Basilashvili,Nikoloz Basilashvili,,https://www.espn.com/tennis/player/_/id/2498/nikoloz-basilashvili,Georgia,https://a.espncdn.com/i/teamlogos/countries/500/geo.png,https://a.espncdn.com/i/headshots/tennis/players/full/2498.png,32,True,"Tbilisi, Georgia",GEO
26,27,27,1422,-,1590,s:850~a:1590,7ba77580-4f3a-73fd-66f7-7354306769dd,Pablo,Carreno Busta,Pablo Carreno Busta,,https://www.espn.com/tennis/player/_/id/1590/pablo-carreno-busta,Spain,https://a.espncdn.com/i/teamlogos/countries/500/esp.png,https://a.espncdn.com/i/headshots/tennis/players/full/1590.png,33,True,"Gijon, Spain",ESP
27,28,28,1415,-,2202,s:850~a:2202,2f4ba4bb-2820-ad6f-6e14-dba4a7059e64,Borna,Coric,Borna Coric,,https://www.espn.com/tennis/player/_/id/2202/borna-coric,Croatia,https://a.espncdn.com/i/teamlogos/countries/500/cro.png,https://a.espncdn.com/i/headshots/tennis/players/full/2202.png,28,True,"Zagreb, Croatia",CRO
28,29,29,1410,-,435,s:850~a:435,240b2e44-4629-ac19-a14e-d209255fbf4b,Jo-Wilfried,Tsonga,Jo-Wilfried Tsonga,,https://www.espn.com/tennis/player/_/id/435/jo-wilfried-tsonga,France,https://a.espncdn.com/i/teamlogos/countries/500/fra.png,https://a.espncdn.com/i/headshots/tennis/players/full/435.png,39,,"Le Mans, France",FRA
29,30,30,1395,-,1984,s:850~a:1984,38b6e398-769b-e1cd-aeb5-5f2ea7a815b1,Nick,Kyrgios,Nick Kyrgios,,https://www.espn.com/tennis/player/_/id/1984/nick-kyrgios,Australia,https://a.espncdn.com/i/teamlogos/countries/500/aus.png,https://a.espncdn.com/i/headshots/tennis/players/full/1984.png,29,True,"Canberra, Australia",AUS
30,31,31,1350,-,1333,s:850~a:1333,293d445d-9e6b-8fd4-f9b9-1e888079eeb1,Milos,Raonic,Milos Raonic,,https://www.espn.com/tennis/player/_/id/1333/milos-raonic,Canada,https://a.espncdn.com/i/teamlogos/countries/500/can.png,https://a.espncdn.com/i/headshots/tennis/players/full/1333.png,34,True,"Podgorica, Montenegro",CAN
31,32,32,1315,-,2946,s:850~a:2946,6493155f-cacc-7aa5-ba78-d952efa4c652,Taylor,Fritz,Taylor Fritz,,https://www.espn.com/tennis/player/_/id/2946/taylor-fritz,USA,https://a.espncdn.com/i/teamlogos/countries/500/usa.png,https://a.espncdn.com/i/headshots/tennis/players/full/2946.png,27,True,"Rancho Santa Fe, CA, USA",USA
32,33,34,1297,+1,2228,s:850~a:2228,17e6dabd-250b-7755-f4b2-8ef6b2972541,Cristian,Garin,Cristian Garin,,https://www.espn.com/tennis/player/_/id/2228/cristian-garin,Chile,https://a.espncdn.com/i/teamlogos/countries/500/chi.png,https://a.espncdn.com/i/headshots/tennis/players/full/2228.png,28,True,"Santiago, Chile",CHI
33,34,35,1296,+1,1769,s:850~a:1769,5178cb68-023e-aaeb-6559-6c1defcc9cc4,Dusan,Lajovic,Dusan Lajovic,,https://www.espn.com/tennis/player/_/id/1769/dusan-lajovic,Serbia,https://a.espncdn.com/i/teamlogos/countries/500/ser.png,https://a.espncdn.com/i/headshots/tennis/players/full/1769.png,34,True,"Belgrade, Serbia",SER
34,35,36,1245,+1,2337,s:850~a:2337,45266525-bbb6-988a-7671-e5e46567d682,Jan-Lennard,Struff,Jan-Lennard Struff,,https://www.espn.com/tennis/player/_/id/2337/jan-lennard-struff,Germany,https://a.espncdn.com/i/teamlogos/countries/500/ger.png,https://a.espncdn.com/i/headshots/tennis/players/full/2337.png,34,True,"Warstein, Germany",GER
35,36,33,1243,-3,2952,s:850~a:2952,59785389-c37d-e25a-2d8d-2b92f427085e,Reilly,Opelka,Reilly Opelka,,https://www.espn.com/tennis/player/_/id/2952/reilly-opelka,USA,https://a.espncdn.com/i/teamlogos/countries/500/usa.png,https://a.espncdn.com/i/headshots/tennis/players/full/2952.png,27,True,"St. Joseph, MI, USA",USA
36,37,37,1198,-,2726,s:850~a:2726,b018afb7-0203-6a56-8381-7cd6446635fd,Hubert,Hurkacz,Hubert Hurkacz,,https://www.espn.com/tennis/player/_/id/2726/hubert-hurkacz,Poland,https://a.espncdn.com/i/teamlogos/countries/500/pol.png,https://a.espncdn.com/i/headshots/tennis/players/full/2726.png,27,True,"Wroclaw, Poland",POL
37,38,38,1171,-,2365,s:850~a:2365,3c9bddf3-6988-ac3d-fbdd-f6fe6cee8d4c,Laslo,Djere,Laslo Djere,,https://www.espn.com/tennis/player/_/id/2365/laslo-djere,Serbia,https://a.espncdn.com/i/teamlogos/countries/500/ser.png,https://a.espncdn.com/i/headshots/tennis/players/full/2365.png,29,True,"Senta, Serbia",SER
38,39,39,1165,-,464,s:850~a:464,d24f948a-481d-75c9-9c3c-855364317760,Marin,Cilic,Marin Cilic,,https://www.espn.com/tennis/player/_/id/464/marin-cilic,Croatia,https://a.espncdn.com/i/teamlogos/countries/500/cro.png,https://a.espncdn.com/i/headshots/tennis/players/full/464.png,36,True,"Medjugorje, Bosnia-Herzegovina",CRO
39,40,40,1148,-,1354,s:850~a:1354,1ce1a583-4efb-41b5-09ff-811200629fd9,Filip,Krajinovic,Filip Krajinovic,,https://www.espn.com/tennis/player/_/id/1354/filip-krajinovic,Serbia,https://a.espncdn.com/i/teamlogos/countries/500/ser.png,https://a.espncdn.com/i/headshots/tennis/players/full/1354.png,32,True,"Sombor, Serbia",SER
40,41,41,1130,-,1766,s:850~a:1766,e713cfae-dbd0-9c33-6187-767fe449b993,Albert,Ramos-Vinolas,Albert Ramos-Vinolas,,https://www.espn.com/tennis/player/_/id/1766/albert-ramos-vinolas,Spain,https://a.espncdn.com/i/teamlogos/countries/500/esp.png,https://a.espncdn.com/i/headshots/tennis/players/full/1766.png,37,True,"Barcelona, Spain",ESP
41,42,42,1124,-,901,s:850~a:901,6dcf2b92-2f6d-6d5b-8deb-bd296fe4521e,Daniel,Evans,Daniel Evans,,https://www.espn.com/tennis/player/_/id/901/daniel-evans,Great Britain,https://a.espncdn.com/i/teamlogos/countries/500/gbr.png,https://a.espncdn.com/i/headshots/tennis/players/full/901.png,34,True,"Birmingham, England",GBR
42,43,43,1111,-,1266,s:850~a:1266,dbc865c9-ab39-49ff-dbb3-895a876665d3,Adrian,Mannarino,Adrian Mannarino,,https://www.espn.com/tennis/player/_/id/1266/adrian-mannarino,France,https://a.espncdn.com/i/teamlogos/countries/500/fra.png,https://a.espncdn.com/i/headshots/tennis/players/full/1266.png,36,True,"Soisy-sous-Montmorency, France",FRA
43,44,44,1100,-,428,s:850~a:428,3ea222c7-2bb0-455a-193e-e20bd4c42f38,Sam,Querrey,Sam Querrey,,https://www.espn.com/tennis/player/_/id/428/sam-querrey,USA,https://a.espncdn.com/i/teamlogos/countries/500/usa.png,https://a.espncdn.com/i/headshots/tennis/players/full/428.png,37,,"San Francisco, CA, USA",USA
44,45,45,1097,-,795,s:850~a:795,6895f3f4-a4dd-b930-3f82-c655c74c7bff,Pablo,Cuevas,Pablo Cuevas,,https://www.espn.com/tennis/player/_/id/795/pablo-cuevas,Uruguay,https://a.espncdn.com/i/teamlogos/countries/500/uru.png,https://a.espncdn.com/i/headshots/tennis/players/full/795.png,39,True,"Concordia, Argentina",URU
45,46,46,1067,-,884,s:850~a:884,85332a2d-c061-d426-c672-0f9ee7f1be79,Radu,Albot,Radu Albot,,https://www.espn.com/tennis/player/_/id/884/radu-albot,Moldova,https://a.espncdn.com/i/teamlogos/countries/500/mda.png,https://a.espncdn.com/i/headshots/tennis/players/full/884.png,35,True,"Chisinau, Moldova",MDA
46,47,47,1050,-,2708,s:850~a:2708,f901758a-d8f2-442c-9cd3-44513fcbf31e,Frances,Tiafoe,Frances Tiafoe,,https://www.espn.com/tennis/player/_/id/2708/frances-tiafoe,USA,https://a.espncdn.com/i/teamlogos/countries/500/usa.png,https://a.espncdn.com/i/headshots/tennis/players/full/2708.png,27,True,"Hyattsville, MD, USA",USA
47,48,48,1026,-,1734,s:850~a:1734,0d2be4fd-f81e-9980-8b86-9e360faed32d,John,Millman,John Millman,,https://www.espn.com/tennis/player/_/id/1734/john-millman,Australia,https://a.espncdn.com/i/teamlogos/countries/500/aus.png,https://a.espncdn.com/i/headshots/tennis/players/full/1734.png,35,True,"Brisbane, Australia",AUS
48,49,49,1025,-,366,s:850~a:366,41a7882f-3d9f-db75-a239-f277594cbe87,Fernando,Verdasco,Fernando Verdasco,,https://www.espn.com/tennis/player/_/id/366/fernando-verdasco,Spain,https://a.espncdn.com/i/teamlogos/countries/500/esp.png,,41,True,"Madrid, Spain",ESP
49,50,50,1017,-,2460,s:850~a:2460,65e6c615-2c17-40ec-6e25-c5fb7e759bca,Juan Ignacio,Londero,Juan Ignacio Londero,,https://www.espn.com/tennis/player/_/id/2460/juan-ignacio-londero,Argentina,https://a.espncdn.com/i/teamlogos/countries/500/arg.png,,31,True,"Jesus Maria, Argentina",ARG
50,51,51,990,-,627,s:850~a:627,d7d85c63-2c31-7bc9-4276-2e30e1d45cac,Jeremy,Chardy,Jeremy Chardy,,https://www.espn.com/tennis/player/_/id/627/jeremy-chardy,France,https://a.espncdn.com/i/teamlogos/countries/500/fra.png,https://a.espncdn.com/i/headshots/tennis/players/full/627.png,37,True,"Pau, France",FRA
51,52,52,990,-,3052,s:850~a:3052,687223c9-e8fb-7106-54b2-0bd2f9697146,Lorenzo,Sonego,Lorenzo Sonego,,https://www.espn.com/tennis/player/_/id/3052/lorenzo-sonego,Italy,https://a.espncdn.com/i/teamlogos/countries/500/ita.png,https://a.espncdn.com/i/headshots/tennis/players/full/3052.png,29,True,"Turin, Italy",ITA
52,53,53,975,-,2366,s:850~a:2366,f868201c-172e-90a1-b93f-0552e29bbc71,Cameron,Norrie,Cameron Norrie,,https://www.espn.com/tennis/player/_/id/2366/cameron-norrie,Great Britain,https://a.espncdn.com/i/teamlogos/countries/500/gbr.png,https://a.espncdn.com/i/headshots/tennis/players/full/2366.png,29,True,"Johannesburg, South Africa",GBR
53,54,54,972,-,3085,s:850~a:3085,75e39239-2578-cc45-a536-6a59ddee1f9a,Ugo,Humbert,Ugo Humbert,,https://www.espn.com/tennis/player/_/id/3085/ugo-humbert,France,https://a.espncdn.com/i/teamlogos/countries/500/fra.png,https://a.espncdn.com/i/headshots/tennis/players/full/3085.png,26,True,"Metz, France",FRA
54,55,55,956,-,2989,s:850~a:2989,116ef01e-3239-e44f-9c8a-022f81012782,Casper,Ruud,Casper Ruud,,https://www.espn.com/tennis/player/_/id/2989/casper-ruud,Norway,https://a.espncdn.com/i/teamlogos/countries/500/nor.png,https://a.espncdn.com/i/headshots/tennis/players/full/2989.png,26,True,"Oslo, Norway",NOR
55,56,56,955,-,302,s:850~a:302,4710a849-df23-85ea-8a38-46445af0eeae,Gilles,Simon,Gilles Simon,,https://www.espn.com/tennis/player/_/id/302/gilles-simon,France,https://a.espncdn.com/i/teamlogos/countries/500/fra.png,https://a.espncdn.com/i/headshots/tennis/players/full/302.png,40,,"Nice, France",FRA
56,57,58,919,+1,2865,s:850~a:2865,60870ae1-bd80-2afa-54ea-e8b8a5d5fd7e,Alexander,Bublik,Alexander Bublik,,https://www.espn.com/tennis/player/_/id/2865/alexander-bublik,Kazakhstan,https://a.espncdn.com/i/teamlogos/countries/500/kaz.png,https://a.espncdn.com/i/headshots/tennis/players/full/2865.png,27,True,"Gatchina, Russia",KAZ
57,58,59,905,+1,903,s:850~a:903,52492f70-b78c-59b6-bfbd-c3c1cb132bfa,Aljaz,Bedene,Aljaz Bedene,,https://www.espn.com/tennis/player/_/id/903/aljaz-bedene,Slovenia,https://a.espncdn.com/i/teamlogos/countries/500/slo.png,https://a.espncdn.com/i/headshots/tennis/players/full/903.png,35,True,"Ljubljana, Slovenia",SLO
58,59,60,901,+1,2874,s:850~a:2874,6972f310-caca-a4fc-3e06-78b5cefa7387,Miomir,Kecmanovic,Miomir Kecmanovic,,https://www.espn.com/tennis/player/_/id/2874/miomir-kecmanovic,Serbia,https://a.espncdn.com/i/teamlogos/countries/500/ser.png,https://a.espncdn.com/i/headshots/tennis/players/full/2874.png,25,True,"Belgrade, Serbia",SER
59,60,61,891,+1,2109,s:850~a:2109,bd2926e4-d933-3d66-00d6-beff1663bc71,João,Sousa,João Sousa,,https://www.espn.com/tennis/player/_/id/2109/joao-sousa,Portugal,https://a.espncdn.com/i/teamlogos/countries/500/por.png,https://a.espncdn.com/i/headshots/tennis/players/full/2109.png,35,True,"Guimaraes, Portugal",POR
60,61,62,890,+1,310,s:850~a:310,0e5e3f30-af41-9a81-4b3e-867f383cc8a9,Richard,Gasquet,Richard Gasquet,,https://www.espn.com/tennis/player/_/id/310/richard-gasquet,France,https://a.espncdn.com/i/teamlogos/countries/500/fra.png,https://a.espncdn.com/i/headshots/tennis/players/full/310.png,38,True,"Beziers, France",FRA
61,62,63,888,+1,426,s:850~a:426,b3b74402-dca8-b1c1-62f5-c476ea746a46,Feliciano,Lopez,Feliciano Lopez,,https://www.espn.com/tennis/player/_/id/426/feliciano-lopez,Spain,https://a.espncdn.com/i/teamlogos/countries/500/esp.png,https://a.espncdn.com/i/headshots/tennis/players/full/426.png,43,True,"Toledo, Spain",ESP
62,63,64,878,+1,2244,s:850~a:2244,59e7e630-cbbe-b092-10d4-037ee43ca658,Jordan,Thompson,Jordan Thompson,,https://www.espn.com/tennis/player/_/id/2244/jordan-thompson,Australia,https://a.espncdn.com/i/teamlogos/countries/500/aus.png,https://a.espncdn.com/i/headshots/tennis/players/full/2244.png,30,True,"Sydney, Australia",AUS
63,64,57,867,-7,620,s:850~a:620,2fa2e54c-1ff7-72ac-45b3-a254b1d3b058,Pablo,Andujar,Pablo Andujar,,https://www.espn.com/tennis/player/_/id/620/pablo-andujar,Spain,https://a.espncdn.com/i/teamlogos/countries/500/esp.png,https://a.espncdn.com/i/headshots/tennis/players/full/620.png,38,True,"Cuenca, Spain",ESP
64,65,65,865,-,1613,s:850~a:1613,8ca87ada-8709-c82f-7294-510f00cd8c6f,Pierre-Hugues,Herbert,Pierre-Hugues Herbert,,https://www.espn.com/tennis/player/_/id/1613/pierre-hugues-herbert,France,https://a.espncdn.com/i/teamlogos/countries/500/fra.png,https://a.espncdn.com/i/headshots/tennis/players/full/1613.png,33,True,"Schiltigheim, France",FRA
65,66,66,836,-,861,s:850~a:861,23791e86-ba3c-cbe7-419d-e1ed4bc48396,Ricardas,Berankis,Ricardas Berankis,,https://www.espn.com/tennis/player/_/id/861/ricardas-berankis,Lithuania,https://a.espncdn.com/i/teamlogos/countries/500/ltu.png,https://a.espncdn.com/i/headshots/tennis/players/full/861.png,34,True,"Vilnius, Lithuania",LTU
66,67,67,816,-,1141,s:850~a:1141,8fb503f3-a393-db18-4dd3-40741fa86609,Mikhail,Kukushkin,Mikhail Kukushkin,,https://www.espn.com/tennis/player/_/id/1141/mikhail-kukushkin,Kazakhstan,https://a.espncdn.com/i/teamlogos/countries/500/kaz.png,https://a.espncdn.com/i/headshots/tennis/players/full/1141.png,37,True,"Volgograd, Russia",KAZ
67,68,70,803,+2,1602,s:850~a:1602,4a7f693d-4774-bb98-c352-4c96b0c11e77,Tennys,Sandgren,Tennys Sandgren,,https://www.espn.com/tennis/player/_/id/1602/tennys-sandgren,USA,https://a.espncdn.com/i/teamlogos/countries/500/usa.png,https://a.espncdn.com/i/headshots/tennis/players/full/1602.png,33,True,"Gallatin, TN, USA",USA
68,69,68,800,-1,1858,s:850~a:1858,f5bdb641-ed37-5d98-01a7-62d7390480b4,Kyle,Edmund,Kyle Edmund,,https://www.espn.com/tennis/player/_/id/1858/kyle-edmund,Great Britain,https://a.espncdn.com/i/teamlogos/countries/500/gbr.png,https://a.espncdn.com/i/headshots/tennis/players/full/1858.png,30,True,"Johannesburg, South Africa",GBR
69,70,71,790,+1,1862,s:850~a:1862,d7f6875d-5e5a-1553-7f01-71e71b4a0e97,Marton,Fucsovics,Marton Fucsovics,,https://www.espn.com/tennis/player/_/id/1862/marton-fucsovics,Hungary,https://a.espncdn.com/i/teamlogos/countries/500/hun.png,https://a.espncdn.com/i/headshots/tennis/players/full/1862.png,32,True,"Nyiregyhaza, Hungary",HUN
70,71,72,780,+1,1840,s:850~a:1840,92b4c700-318d-9f65-c7b3-04aa04f01ca2,Marco,Cecchinato,Marco Cecchinato,,https://www.espn.com/tennis/player/_/id/1840/marco-cecchinato,Italy,https://a.espncdn.com/i/teamlogos/countries/500/ita.png,https://a.espncdn.com/i/headshots/tennis/players/full/1840.png,32,True,"Palermo, Italy",ITA
71,72,73,776,+1,241,s:850~a:241,9291909a-7f1c-0828-387d-03d074201e34,Andreas,Seppi,Andreas Seppi,,https://www.espn.com/tennis/player/_/id/241/andreas-seppi,Italy,https://a.espncdn.com/i/teamlogos/countries/500/ita.png,https://a.espncdn.com/i/headshots/tennis/players/full/241.png,40,,"Bolzano, Italy",ITA
72,73,69,764,-4,2226,s:850~a:2226,0f1cf96a-d45b-a0c1-4cf3-4c41b4b0c33c,Yoshihito,Nishioka,Yoshihito Nishioka,,https://www.espn.com/tennis/player/_/id/2226/yoshihito-nishioka,Japan,https://a.espncdn.com/i/teamlogos/countries/500/jpn.png,https://a.espncdn.com/i/headshots/tennis/players/full/2226.png,29,True,"Mie, Japan",JPN
73,74,74,763,-,2884,s:850~a:2884,ac264947-c5da-c4d5-5567-d8c2bffd6d9f,Mikael,Ymer,Mikael Ymer,,https://www.espn.com/tennis/player/_/id/2884/mikael-ymer,Sweden,https://a.espncdn.com/i/teamlogos/countries/500/swe.png,,26,True,"Skovde, Sweden",SWE
74,75,75,743,-,1849,s:850~a:1849,ba901aa2-1cf3-6cfe-6626-9d17bb77d8f9,Hugo,Dellien,Hugo Dellien,,https://www.espn.com/tennis/player/_/id/1849/hugo-dellien,Bolivia,https://a.espncdn.com/i/teamlogos/countries/500/bol.png,,31,True,"Trinidad, Bolivia",BOL
75,76,76,732,-,1705,s:850~a:1705,c71dbcf7-703d-faff-9358-cc487099e5ca,Federico,Delbonis,Federico Delbonis,,https://www.espn.com/tennis/player/_/id/1705/federico-delbonis,Argentina,https://a.espncdn.com/i/teamlogos/countries/500/arg.png,https://a.espncdn.com/i/headshots/tennis/players/full/1705.png,34,True,"Azul, Argentina",ARG
76,77,77,695,-,2377,s:850~a:2377,d12d1284-8746-6c26-b7e0-1119b676432c,Nicolas,Jarry,Nicolas Jarry,,https://www.espn.com/tennis/player/_/id/2377/nicolas-jarry,Chile,https://a.espncdn.com/i/teamlogos/countries/500/chi.png,https://a.espncdn.com/i/headshots/tennis/players/full/2377.png,29,True,"Santiago, Chile",CHI
77,78,96,671,+18,3623,s:850~a:3623,431a1bce-57de-2a02-8022-9f32b0f60efb,Jannik,Sinner,Jannik Sinner,,https://www.espn.com/tennis/player/_/id/3623/jannik-sinner,Italy,https://a.espncdn.com/i/teamlogos/countries/500/ita.png,https://a.espncdn.com/i/headshots/tennis/players/full/3623.png,23,True,"San Candido, Italy",ITA
78,79,79,665,-,215,s:850~a:215,347037ab-b008-753b-4ae8-d81ecb272792,Philipp,Kohlschreiber,Philipp Kohlschreiber,,https://www.espn.com/tennis/player/_/id/215/philipp-kohlschreiber,Germany,https://a.espncdn.com/i/teamlogos/countries/500/ger.png,https://a.espncdn.com/i/headshots/tennis/players/full/215.png,41,,"Augsburg, Germany",GER
79,80,80,664,-,2012,s:850~a:2012,485f849c-3bbf-9140-10f8-16c3c450c749,Roberto,Carballes Baena,Roberto Carballes Baena,,https://www.espn.com/tennis/player/_/id/2012/roberto-carballes-baena,Spain,https://a.espncdn.com/i/teamlogos/countries/500/esp.png,https://a.espncdn.com/i/headshots/tennis/players/full/2012.png,31,True,"Tenerife, Spain",ESP
80,81,78,651,-3,1679,s:850~a:1679,53fcd064-1e92-c3c5-245f-bc2da20a1f34,Yasutaka,Uchiyama,Yasutaka Uchiyama,,https://www.espn.com/tennis/player/_/id/1679/yasutaka-uchiyama,Japan,https://a.espncdn.com/i/teamlogos/countries/500/jpn.png,,32,True,"Sapporo, Japan",JPN
81,82,81,648,-1,1854,s:850~a:1854,55f5ee58-cbb9-2989-a91f-c12fcfb560d8,Gregoire,Barrere,Gregoire Barrere,,https://www.espn.com/tennis/player/_/id/1854/gregoire-barrere,France,https://a.espncdn.com/i/teamlogos/countries/500/fra.png,,30,True,"Charenton-le-Pont, France",FRA
82,83,82,645,-1,2886,s:850~a:2886,e1e9551c-c350-ef8f-ce97-d8407b0be41d,Corentin,Moutet,Corentin Moutet,,https://www.espn.com/tennis/player/_/id/2886/corentin-moutet,France,https://a.espncdn.com/i/teamlogos/countries/500/fra.png,,25,True,"Paris, France",FRA
83,84,83,637,-1,2682,s:850~a:2682,f0bb10c8-9551-e4b3-6c61-09fe2cad0331,Stefano,Travaglia,Stefano Travaglia,,https://www.espn.com/tennis/player/_/id/2682/stefano-travaglia,Italy,https://a.espncdn.com/i/teamlogos/countries/500/ita.png,https://a.espncdn.com/i/headshots/tennis/players/full/2682.png,33,True,"Ascoli Piceno, Italy",ITA
84,85,86,630,+1,1893,s:850~a:1893,2584f4c4-70ab-0187-402f-3171d095bf8d,Steve,Johnson,Steve Johnson,,https://www.espn.com/tennis/player/_/id/1893/steve-johnson,USA,https://a.espncdn.com/i/teamlogos/countries/500/usa.png,https://a.espncdn.com/i/headshots/tennis/players/full/1893.png,35,True,"Orange, CA, USA",USA
85,86,87,628,+1,2709,s:850~a:2709,cecb9d28-c424-9d69-b7cd-9018460d5aff,Jaume,Munar,Jaume Munar,,https://www.espn.com/tennis/player/_/id/2709/jaume-munar,Spain,https://a.espncdn.com/i/teamlogos/countries/500/esp.png,https://a.espncdn.com/i/headshots/tennis/players/full/2709.png,27,True,"Santanyi, Mallorca, Spain",ESP
86,87,89,627,+2,3212,s:850~a:3212,33d1c2aa-fd09-456c-5e48-f72a88945e0c,Alejandro,Davidovich Fokina,Alejandro Davidovich Fokina,,https://www.espn.com/tennis/player/_/id/3212/alejandro-davidovich-fokina,Spain,https://a.espncdn.com/i/teamlogos/countries/500/esp.png,https://a.espncdn.com/i/headshots/tennis/players/full/3212.png,25,True,"Malaga, Spain",ESP
87,88,88,622,-,2872,s:850~a:2872,5b5597fe-242d-784c-1eaa-a81462790303,SoonWoo,Kwon,SoonWoo Kwon,,https://www.espn.com/tennis/player/_/id/2872/soonwoo-kwon,Korea,https://a.espncdn.com/i/teamlogos/countries/500/kor.png,https://a.espncdn.com/i/headshots/tennis/players/full/2872.png,27,True,"Sangju, South Korea",KOR
88,89,90,616,+1,2025,s:850~a:2025,1c504c97-892d-e1d0-5c5d-8e9045e412cb,Thiago,Monteiro,Thiago Monteiro,,https://www.espn.com/tennis/player/_/id/2025/thiago-monteiro,Brazil,https://a.espncdn.com/i/teamlogos/countries/500/bra.png,https://a.espncdn.com/i/headshots/tennis/players/full/2025.png,30,True,"Fortaleza, Brazil",BRA
89,90,84,611,-6,2964,s:850~a:2964,8965d2eb-1419-a6e6-5d3f-573b8b0bc565,Tommy,Paul,Tommy Paul,,https://www.espn.com/tennis/player/_/id/2964/tommy-paul,USA,https://a.espncdn.com/i/teamlogos/countries/500/usa.png,https://a.espncdn.com/i/headshots/tennis/players/full/2964.png,27,True,"Voorhees, NJ, USA",USA
90,91,92,610,+1,1068,s:850~a:1068,67dd2bd6-e7a2-8d35-722a-ba9fda942e32,Kevin,Anderson,Kevin Anderson,,https://www.espn.com/tennis/player/_/id/1068/kevin-anderson,South Africa,https://a.espncdn.com/i/teamlogos/countries/500/rsa.png,https://a.espncdn.com/i/headshots/tennis/players/full/1068.png,38,True,"Johannesburg, South Africa",RSA
91,92,93,603,+1,657,s:850~a:657,7cd1757c-740c-fb21-cfae-5616ccc0e89c,Leonardo,Mayer,Leonardo Mayer,,https://www.espn.com/tennis/player/_/id/657/leonardo-mayer,Argentina,https://a.espncdn.com/i/teamlogos/countries/500/arg.png,https://a.espncdn.com/i/headshots/tennis/players/full/657.png,37,,"Corrientes, Argentina",ARG
92,93,97,594,+4,1842,s:850~a:1842,052fa975-016e-62d0-f980-b429ad2c114a,Damir,Dzumhur,Damir Dzumhur,,https://www.espn.com/tennis/player/_/id/1842/damir-dzumhur,Bosnia and Herzegovina,https://a.espncdn.com/i/teamlogos/countries/500/bih.png,https://a.espncdn.com/i/headshots/tennis/players/full/1842.png,32,True,"Sarajevo, Bosnia-Herzegovina",BIH
93,94,85,592,-9,3437,s:850~a:3437,7cd2b3ca-8d09-8d5f-948e-18d09c545e00,Dominik,Koepfer,Dominik Koepfer,,https://www.espn.com/tennis/player/_/id/3437/dominik-koepfer,Germany,https://a.espncdn.com/i/teamlogos/countries/500/ger.png,https://a.espncdn.com/i/headshots/tennis/players/full/3437.png,30,True,"Furtwangen, Germany",GER
94,95,106,586,+11,233,s:850~a:233,a4bcc46a-7cf5-7bd5-5c1a-52faf33e3aa5,Ivo,Karlovic,Ivo Karlovic,,https://www.espn.com/tennis/player/_/id/233/ivo-karlovic,Croatia,https://a.espncdn.com/i/teamlogos/countries/500/cro.png,https://a.espncdn.com/i/headshots/tennis/players/full/233.png,45,,"Zagreb, Croatia",CRO
95,96,98,586,+2,3187,s:850~a:3187,dc13f19e-d7b7-760c-67d6-b654c73d155b,Salvatore,Caruso,Salvatore Caruso,,https://www.espn.com/tennis/player/_/id/3187/salvatore-caruso,Italy,https://a.espncdn.com/i/teamlogos/countries/500/ita.png,,32,True,"Avola, Italy",ITA
96,97,99,585,+2,2862,s:850~a:2862,fef6ef70-ea4d-7d84-0e33-ed6c267b238c,Alexei,Popyrin,Alexei Popyrin,,https://www.espn.com/tennis/player/_/id/2862/alexei-popyrin,Australia,https://a.espncdn.com/i/teamlogos/countries/500/aus.png,https://a.espncdn.com/i/headshots/tennis/players/full/2862.png,25,True,"Sydney, Australia",AUS
97,98,100,581,+2,2488,s:850~a:2488,6fe2d368-0830-0e4f-e8b7-a78466d31839,Egor,Gerasimov,Egor Gerasimov,,https://www.espn.com/tennis/player/_/id/2488/egor-gerasimov,Belarus,https://a.espncdn.com/i/teamlogos/countries/500/blr.png,,32,True,"Minsk, Belarus",BLR
98,99,101,576,+2,2863,s:850~a:2863,d0a3202e-992e-a9b5-a42d-d3effc9a639a,Lloyd,Harris,Lloyd Harris,,https://www.espn.com/tennis/player/_/id/2863/lloyd-harris,South Africa,https://a.espncdn.com/i/teamlogos/countries/500/rsa.png,https://a.espncdn.com/i/headshots/tennis/players/full/2863.png,27,True,"Cape Town, South Africa",RSA
99,100,111,576,+11,1857,s:850~a:1857,cd9ba86b-c611-51a5-7396-2cce4ff52ce1,James,Duckworth,James Duckworth,,https://www.espn.com/tennis/player/_/id/1857/james-duckworth,Australia,https://a.espncdn.com/i/teamlogos/countries/500/aus.png,,32,True,"Sydney, Australia",AUS
100,101,91,575,-10,2416,s:850~a:2416,de42df24-25c0-ecc9-8dce-5493cf51417b,Kamil,Majchrzak,Kamil Majchrzak,,https://www.espn.com/tennis/player/_/id/2416/kamil-majchrzak,Poland,https://a.espncdn.com/i/teamlogos/countries/500/pol.png,https://a.espncdn.com/i/headshots/tennis/players/full/2416.png,29,True,"Piotrkow Trybunalski, Poland",POL
101,102,123,574,+21,1993,s:850~a:1993,9ac694cc-6c55-af11-ecd7-8334117296c1,Marcos,Giron,Marcos Giron,,https://www.espn.com/tennis/player/_/id/1993/marcos-giron,USA,https://a.espncdn.com/i/teamlogos/countries/500/usa.png,https://a.espncdn.com/i/headshots/tennis/players/full/1993.png,31,True,"Thousand Oaks, CA, USA",USA
102,103,94,563,-9,2790,s:850~a:2790,8657bba4-9ed7-de68-aa6b-fb17b2a85153,Brayden,Schnur,Brayden Schnur,,https://www.espn.com/tennis/player/_/id/2790/brayden-schnur,Canada,https://a.espncdn.com/i/teamlogos/countries/500/can.png,,29,True,"Toronto, Canada",CAN
103,104,102,561,-2,1483,s:850~a:1483,4e9f79a4-b504-0650-dfe7-07f715efa5c8,Yuichi,Sugita,Yuichi Sugita,,https://www.espn.com/tennis/player/_/id/1483/yuichi-sugita,Japan,https://a.espncdn.com/i/teamlogos/countries/500/jpn.png,,36,,"Sendai, Japan",JPN
104,105,103,550,-2,363,s:850~a:363,2499f2a3-bfab-5164-6bb9-48077ceab62e,Tomas,Berdych,Tomas Berdych,,https://www.espn.com/tennis/player/_/id/363/tomas-berdych,Czechia,https://a.espncdn.com/i/teamlogos/countries/500/cze.png,https://a.espncdn.com/i/headshots/tennis/players/full/363.png,39,,"Valasske Mezirici, CZE",CZE
105,106,104,548,-2,2280,s:850~a:2280,caa14097-32fe-e85a-57f4-f0a9243ac927,Henri,Laaksonen,Henri Laaksonen,,https://www.espn.com/tennis/player/_/id/2280/henri-laaksonen,Switzerland,https://a.espncdn.com/i/teamlogos/countries/500/sui.png,https://a.espncdn.com/i/headshots/tennis/players/full/2280.png,32,True,"Lohja, Finland",SUI
106,107,105,544,-2,1796,s:850~a:1796,34d69ecb-6ec9-bca5-7c93-ba741d62510a,Jiri,Vesely,Jiri Vesely,,https://www.espn.com/tennis/player/_/id/1796/jiri-vesely,Czechia,https://a.espncdn.com/i/teamlogos/countries/500/cze.png,https://a.espncdn.com/i/headshots/tennis/players/full/1796.png,31,True,"Pribram, Czechia",CZE
107,108,108,524,-,2024,s:850~a:2024,7af3f4b9-1d27-091d-4af2-b4cf6b4ad507,Dennis,Novak,Dennis Novak,,https://www.espn.com/tennis/player/_/id/2024/dennis-novak,Austria,https://a.espncdn.com/i/teamlogos/countries/500/aut.png,,31,True,"Wiener Neustadt, Austria",AUT
108,109,109,507,-,2694,s:850~a:2694,eb95c30a-1602-f0b1-2a55-413934e6a50b,Norbert,Gombos,Norbert Gombos,,https://www.espn.com/tennis/player/_/id/2694/norbert-gombos,Slovakia,https://a.espncdn.com/i/teamlogos/countries/500/svk.png,,34,True,"Galanta, Slovakia",SVK
109,110,110,506,-,869,s:850~a:869,88dc56b8-9386-8568-117e-3181263d31df,Andrej,Martin,Andrej Martin,,https://www.espn.com/tennis/player/_/id/869/andrej-martin,Slovakia,https://a.espncdn.com/i/teamlogos/countries/500/svk.png,,35,True,"Bratislava, Slovakia",SVK
110,111,112,501,+1,1837,s:850~a:1837,3e79a2a2-ca77-f862-1afd-d9099a248cac,Taro,Daniel,Taro Daniel,,https://www.espn.com/tennis/player/_/id/1837/taro-daniel,Japan,https://a.espncdn.com/i/teamlogos/countries/500/jpn.png,https://a.espncdn.com/i/headshots/tennis/players/full/1837.png,31,True,"New York, NY, USA",JPN
111,112,113,497,+1,698,s:850~a:698,cf48288a-21af-9d22-774d-55d7a313380f,Marcel,Granollers,Marcel Granollers,,https://www.espn.com/tennis/player/_/id/698/marcel-granollers,Spain,https://a.espncdn.com/i/teamlogos/countries/500/esp.png,https://a.espncdn.com/i/headshots/tennis/players/full/698.png,38,True,"Barcelona, Spain",ESP
112,113,114,497,+1,886,s:850~a:886,af31642c-5de2-38aa-111e-240eb83b53d7,Evgeny,Donskoy,Evgeny Donskoy,,https://www.espn.com/tennis/player/_/id/886/evgeny-donskoy,Russia,https://a.espncdn.com/i/teamlogos/countries/500/rus.png,https://a.espncdn.com/i/headshots/tennis/players/full/886.png,34,True,"Moscow, Russia",RUS
113,114,115,491,+1,1629,s:850~a:1629,1c2668d6-af09-cfc8-f3f7-e7bb3d55d15f,Denis,Kudla,Denis Kudla,,https://www.espn.com/tennis/player/_/id/1629/denis-kudla,USA,https://a.espncdn.com/i/teamlogos/countries/500/usa.png,https://a.espncdn.com/i/headshots/tennis/players/full/1629.png,32,True,"Kiev, Ukraine",USA
114,115,95,483,-20,2505,s:850~a:2505,018d765f-c57b-bcc8-8eb8-93f90a4c3d06,Prajnesh,Gunneswaran,Prajnesh Gunneswaran,,https://www.espn.com/tennis/player/_/id/2505/prajnesh-gunneswaran,India,https://a.espncdn.com/i/teamlogos/countries/500/ind.png,https://a.espncdn.com/i/headshots/tennis/players/full/2505.png,35,,"Chennai, India",IND
115,116,117,482,+1,851,s:850~a:851,73619de5-4057-4960-c994-b617464c13eb,Thomas,Fabbiano,Thomas Fabbiano,,https://www.espn.com/tennis/player/_/id/851/thomas-fabbiano,Italy,https://a.espncdn.com/i/teamlogos/countries/500/ita.png,https://a.espncdn.com/i/headshots/tennis/players/full/851.png,35,,"Grottaglie, Italy",ITA
116,117,124,478,+7,3513,s:850~a:3513,f765f5df-19de-09f7-183f-44ebcbe29a43,Antoine,Hoang,Antoine Hoang,,https://www.espn.com/tennis/player/_/id/3513/antoine-hoang,France,https://a.espncdn.com/i/teamlogos/countries/500/fra.png,https://a.espncdn.com/i/headshots/tennis/players/full/3513.png,29,True,"Hyeres, France",FRA
117,118,121,473,+3,1772,s:850~a:1772,f5306f00-0f66-ef5a-79ef-99d7646ca718,Peter,Gojowczyk,Peter Gojowczyk,,https://www.espn.com/tennis/player/_/id/1772/peter-gojowczyk,Germany,https://a.espncdn.com/i/teamlogos/countries/500/ger.png,https://a.espncdn.com/i/headshots/tennis/players/full/1772.png,35,True,"Munich, Germany",GER
118,119,119,473,-,3325,s:850~a:3325,7dba916d-c0f8-64ce-d98d-951d30454f28,Gianluca,Mager,Gianluca Mager,,https://www.espn.com/tennis/player/_/id/3325/gianluca-mager,Italy,https://a.espncdn.com/i/teamlogos/countries/500/ita.png,,30,True,"Sanremo, Italy",ITA
119,120,118,472,-2,712,s:850~a:712,225f1ff5-71c7-7df0-d988-9de3bd2484fb,Paolo,Lorenzi,Paolo Lorenzi,,https://www.espn.com/tennis/player/_/id/712/paolo-lorenzi,Italy,https://a.espncdn.com/i/teamlogos/countries/500/ita.png,,43,,"Rome, Italy",ITA
120,121,128,470,+7,3301,s:850~a:3301,5961537b-c627-7dcb-5662-5abf3bc376ed,Christopher,O'Connell,Christopher O'Connell,,https://www.espn.com/tennis/player/_/id/3301/christopher-oconnell,Australia,https://a.espncdn.com/i/teamlogos/countries/500/aus.png,,30,True,"Sydney, Australia",AUS
121,122,116,464,-6,1841,s:850~a:1841,a413850f-f32b-b2be-156c-8768bebcc823,Federico,Coria,Federico Coria,,https://www.espn.com/tennis/player/_/id/1841/federico-coria,Argentina,https://a.espncdn.com/i/teamlogos/countries/500/arg.png,https://a.espncdn.com/i/headshots/tennis/players/full/1841.png,32,True,"Rosario, Argentina",ARG
122,123,120,461,-3,285,s:850~a:285,7812468a-8f6e-d61a-b5a9-53215260e071,Go,Soeda,Go Soeda,,https://www.espn.com/tennis/player/_/id/285/go-soeda,Japan,https://a.espncdn.com/i/teamlogos/countries/500/jpn.png,https://a.espncdn.com/i/headshots/tennis/players/full/285.png,40,,"Kanagawa, Japan",JPN
123,124,122,460,-2,284,s:850~a:284,86c45076-afcd-9347-9452-e451cff9b0d0,Juan Martin,del Potro,Juan Martin del Potro,,https://www.espn.com/tennis/player/_/id/284/juan-martin-del-potro,Argentina,https://a.espncdn.com/i/teamlogos/countries/500/arg.png,https://a.espncdn.com/i/headshots/tennis/players/full/284.png,36,,"Tandil, Argentina",ARG
124,125,141,459,+16,3366,s:850~a:3366,57a1deeb-87c2-ef1e-6446-31023a5477de,Emil,Ruusuvuori,Emil Ruusuvuori,,https://www.espn.com/tennis/player/_/id/3366/emil-ruusuvuori,Finland,https://a.espncdn.com/i/teamlogos/countries/500/fin.png,https://a.espncdn.com/i/headshots/tennis/players/full/3366.png,25,True,"Helsinki, Finland",FIN
125,126,125,442,-1,235,s:850~a:235,1c5a586b-edce-71a2-50c2-e42bf12417c8,Andy,Murray,Andy Murray,,https://www.espn.com/tennis/player/_/id/235/andy-murray,Great Britain,https://a.espncdn.com/i/teamlogos/countries/500/gbr.png,https://a.espncdn.com/i/headshots/tennis/players/full/235.png,37,True,"Glasgow, Scotland",GBR
126,127,129,429,+2,3277,s:850~a:3277,59ce0e30-440d-1aea-304c-91f986cefcbc,Yannick,Maden,Yannick Maden,,https://www.espn.com/tennis/player/_/id/3277/yannick-maden,Germany,https://a.espncdn.com/i/teamlogos/countries/500/ger.png,,35,,"Stuttgart, Germany",GER
127,128,130,429,+2,2833,s:850~a:2833,68654540-4c35-bc42-a950-59cf60ed3c2e,Jason,Jung,Jason Jung,,https://www.espn.com/tennis/player/_/id/2833/jason-jung,,,https://a.espncdn.com/i/headshots/tennis/players/full/2833.png,35,True,"Torrance, CA, USA",USV
128,129,131,428,+2,2356,s:850~a:2356,e0e4e66a-5b19-9285-e8a9-1a03f040ac07,Hyeon,Chung,Hyeon Chung,,https://www.espn.com/tennis/player/_/id/2356/hyeon-chung,Korea,https://a.espncdn.com/i/teamlogos/countries/500/kor.png,https://a.espncdn.com/i/headshots/tennis/players/full/2356.png,28,True,"Suwon, South Korea",KOR
129,130,133,425,+3,2206,s:850~a:2206,fe21eb09-3fc1-8e3f-86b0-cfa8dec2440a,Mackenzie,McDonald,Mackenzie McDonald,,https://www.espn.com/tennis/player/_/id/2206/mackenzie-mcdonald,USA,https://a.espncdn.com/i/teamlogos/countries/500/usa.png,https://a.espncdn.com/i/headshots/tennis/players/full/2206.png,29,True,"Piedmont, CA, USA",USA
130,131,127,423,-4,2638,s:850~a:2638,2f9685fd-1e6f-40fa-493e-328d6a8c4102,Sumit,Nagal,Sumit Nagal,,https://www.espn.com/tennis/player/_/id/2638/sumit-nagal,India,https://a.espncdn.com/i/teamlogos/countries/500/ind.png,,27,True,"Jhajjar, India",IND
131,132,138,422,+6,3264,s:850~a:3264,1f75780c-f8fb-bde7-e2ad-73e93af37444,Ilya,Ivashka,Ilya Ivashka,,https://www.espn.com/tennis/player/_/id/3264/ilya-ivashka,Belarus,https://a.espncdn.com/i/teamlogos/countries/500/blr.png,https://a.espncdn.com/i/headshots/tennis/players/full/3264.png,30,True,"Minsk, Belarus",BLR
132,133,134,421,+1,2292,s:850~a:2292,fe7e5327-0e27-fd14-875d-4eb243f712c2,Guido,Andreozzi,Guido Andreozzi,,https://www.espn.com/tennis/player/_/id/2292/guido-andreozzi,Argentina,https://a.espncdn.com/i/teamlogos/countries/500/arg.png,,33,True,"Buenos Aires, Argentina",ARG
133,134,136,418,+2,2531,s:850~a:2531,afc180aa-f75a-f43b-8db7-45207c1bdc91,Steven,Diez,Steven Diez,,https://www.espn.com/tennis/player/_/id/2531/steven-diez,Canada,https://a.espncdn.com/i/teamlogos/countries/500/can.png,,33,True,"Toronto, Canada",CAN
134,135,132,417,-3,2624,s:850~a:2624,74dacbf1-f9fa-c23d-a372-f47534c589bf,Marc,Polmans,Marc Polmans,,https://www.espn.com/tennis/player/_/id/2624/marc-polmans,Australia,https://a.espncdn.com/i/teamlogos/countries/500/aus.png,,27,True,"Amanzimtoti, South Africa",AUS
135,136,107,415,-29,1315,s:850~a:1315,7bfb23be-b21c-639d-f312-a2bafdd358b6,Bradley,Klahn,Bradley Klahn,,https://www.espn.com/tennis/player/_/id/1315/bradley-klahn,USA,https://a.espncdn.com/i/teamlogos/countries/500/usa.png,https://a.espncdn.com/i/headshots/tennis/players/full/1315.png,34,True,"Poway, CA, USA",USA
136,137,135,411,-2,2119,s:850~a:2119,bea9602a-b464-a194-fbd6-ae65e9d84022,Attila,Balazs,Attila Balazs,,https://www.espn.com/tennis/player/_/id/2119/attila-balazs,Hungary,https://a.espncdn.com/i/teamlogos/countries/500/hun.png,,36,True,"Budapest, Hungary",HUN
137,138,137,405,-1,1935,s:850~a:1935,26f50d90-acc3-afc8-f1ae-11880df2e2b5,Facundo,Bagnis,Facundo Bagnis,,https://www.espn.com/tennis/player/_/id/1935/facundo-bagnis,Argentina,https://a.espncdn.com/i/teamlogos/countries/500/arg.png,https://a.espncdn.com/i/headshots/tennis/players/full/1935.png,34,True,"Rosario, Argentina",ARG
138,139,140,388,+1,3024,s:850~a:3024,44dc4e80-c6f7-a272-f41b-e7777e4777b5,Zhang,Zhizhen,Zhang Zhizhen,,https://www.espn.com/tennis/player/_/id/3024/zhang-zhizhen,China,https://a.espncdn.com/i/teamlogos/countries/500/chn.png,,28,True,"Shanghai, China",CHN
139,140,142,373,+2,880,s:850~a:880,0fd365d8-b500-d75b-1c9a-2c9c1c28a4c7,Martin,Klizan,Martin Klizan,,https://www.espn.com/tennis/player/_/id/880/martin-klizan,Slovakia,https://a.espncdn.com/i/teamlogos/countries/500/svk.png,https://a.espncdn.com/i/headshots/tennis/players/full/880.png,35,True,"Bratislava, Slovakia",SVK
140,141,143,373,+2,462,s:850~a:462,5adfb3a8-0381-62f0-3147-d4136a939cfc,Dudi,Sela,Dudi Sela,,https://www.espn.com/tennis/player/_/id/462/dudi-sela,Israel,https://a.espncdn.com/i/teamlogos/countries/500/isr.png,,39,,"Kiryat Shmonna, Israel",ISR
141,143,145,370,+2,244,s:850~a:244,6af44d5b-758f-ceb1-e2cb-33ffd367cbd2,Guillermo,Garcia-Lopez,Guillermo Garcia-Lopez,,https://www.espn.com/tennis/player/_/id/244/guillermo-garcia-lopez,Spain,https://a.espncdn.com/i/teamlogos/countries/500/esp.png,https://a.espncdn.com/i/headshots/tennis/players/full/244.png,41,,"La Roda (Albacete), Spain",ESP
142,144,139,370,-5,1347,s:850~a:1347,baccc5bd-d5b7-db2a-8532-ccdd49b8528d,Blaz,Rola,Blaz Rola,,https://www.espn.com/tennis/player/_/id/1347/blaz-rola,Slovenia,https://a.espncdn.com/i/teamlogos/countries/500/slo.png,,34,True,"Ptuj, Slovenia",SLO
143,145,150,370,+5,2229,s:850~a:2229,214eb274-c4a9-83ff-8f92-cd221347dfb4,Elias,Ymer,Elias Ymer,,https://www.espn.com/tennis/player/_/id/2229/elias-ymer,Sweden,https://a.espncdn.com/i/teamlogos/countries/500/swe.png,https://a.espncdn.com/i/headshots/tennis/players/full/2229.png,28,True,"Skara, Sweden",SWE
144,146,146,369,-,722,s:850~a:722,e7f80baa-f1bd-4219-9a18-21122fa9b911,Pedro,Sousa,Pedro Sousa,,https://www.espn.com/tennis/player/_/id/722/pedro-sousa,Brazil,https://a.espncdn.com/i/teamlogos/countries/500/bra.png,https://a.espncdn.com/i/headshots/tennis/players/full/722.png,36,True,"Lisbon, Portugal",BRA
145,147,147,364,-,2459,s:850~a:2459,535c00a6-d34a-01f6-e538-8d5dca310b99,Emilio,Gomez,Emilio Gomez,,https://www.espn.com/tennis/player/_/id/2459/emilio-gomez,Ecuador,https://a.espncdn.com/i/teamlogos/countries/500/ecu.png,https://a.espncdn.com/i/headshots/tennis/players/full/2459.png,33,True,"Guayaquil, Ecuador",ECU
146,148,126,362,-22,1487,s:850~a:1487,87013382-21a9-b1ac-fc15-2d7f6d62bdc7,Tatsuma,Ito,Tatsuma Ito,,https://www.espn.com/tennis/player/_/id/1487/tatsuma-ito,Japan,https://a.espncdn.com/i/teamlogos/countries/500/jpn.png,,36,True,"Mie, Japan",JPN
147,149,148,361,-1,1362,s:850~a:1362,39e81757-c190-789a-ab55-27f44a41bf72,Alessandro,Giannessi,Alessandro Giannessi,,https://www.espn.com/tennis/player/_/id/1362/alessandro-giannessi,Italy,https://a.espncdn.com/i/teamlogos/countries/500/ita.png,,34,True,"La Spezia, Italy",ITA
148,150,149,360,-1,1352,s:850~a:1352,57fb49bd-cdfa-735a-c39b-e5c2e84d42fb,Vasek,Pospisil,Vasek Pospisil,,https://www.espn.com/tennis/player/_/id/1352/vasek-pospisil,Canada,https://a.espncdn.com/i/teamlogos/countries/500/can.png,https://a.espncdn.com/i/headshots/tennis/players/full/1352.png,34,True,"Vernon, Canada",CAN
